"Id","사유"
"dragon_gate_kin_count_enhance","구 게이트 에셋(DG_KinCount_Enhance) 전용 키 - 그 에셋을 참조하는 노드가 없음"
"dragon_gate_kin_count_ultimate","구 게이트 에셋(DG_KinCount_Ultimate) 전용 키 - 그 에셋을 참조하는 노드가 없음"
"dragon_node_ice_awaken_name","구 트리(개편 전) 잔존 키 - 현재 어떤 에셋도 참조하지 않음"
"dragon_node_ice_awaken_desc","구 트리(개편 전) 잔존 키 - 현재 어떤 에셋도 참조하지 않음"
"dragon_node_ice_active_name","구 트리(개편 전) 잔존 키 - 현재 어떤 에셋도 참조하지 않음"
"dragon_node_ice_active_desc","구 트리(개편 전) 잔존 키 - 현재 어떤 에셋도 참조하지 않음"
"dragon_node_ice_enhance_name","구 트리(개편 전) 잔존 키 - 현재 어떤 에셋도 참조하지 않음"
"dragon_node_ice_enhance_desc","구 트리(개편 전) 잔존 키 - 현재 어떤 에셋도 참조하지 않음"
"dragon_node_fire_awaken_name","구 트리(개편 전) 잔존 키 - 현재 어떤 에셋도 참조하지 않음"
"dragon_node_fire_awaken_desc","구 트리(개편 전) 잔존 키 - 현재 어떤 에셋도 참조하지 않음"
"dragon_node_fire_active_name","구 트리(개편 전) 잔존 키 - 현재 어떤 에셋도 참조하지 않음"
"dragon_node_fire_active_desc","구 트리(개편 전) 잔존 키 - 현재 어떤 에셋도 참조하지 않음"
"dragon_node_fire_enhance_name","구 트리(개편 전) 잔존 키 - 현재 어떤 에셋도 참조하지 않음"
"dragon_node_fire_enhance_desc","구 트리(개편 전) 잔존 키 - 현재 어떤 에셋도 참조하지 않음"
"dragon_node_time_awaken_name","구 트리(개편 전) 잔존 키 - 현재 어떤 에셋도 참조하지 않음"
"dragon_node_time_awaken_desc","구 트리(개편 전) 잔존 키 - 현재 어떤 에셋도 참조하지 않음"
"dragon_node_time_active_name","구 트리(개편 전) 잔존 키 - 현재 어떤 에셋도 참조하지 않음"
"dragon_node_time_active_desc","구 트리(개편 전) 잔존 키 - 현재 어떤 에셋도 참조하지 않음"
"dragon_node_time_enhance_name","구 트리(개편 전) 잔존 키 - 현재 어떤 에셋도 참조하지 않음"
"dragon_node_time_enhance_desc","구 트리(개편 전) 잔존 키 - 현재 어떤 에셋도 참조하지 않음"
"dragon_node_stone_awaken_name","구 트리(개편 전) 잔존 키 - 현재 어떤 에셋도 참조하지 않음"
"dragon_node_stone_awaken_desc","구 트리(개편 전) 잔존 키 - 현재 어떤 에셋도 참조하지 않음"
"dragon_node_stone_active_name","구 트리(개편 전) 잔존 키 - 현재 어떤 에셋도 참조하지 않음"
"dragon_node_stone_active_desc","구 트리(개편 전) 잔존 키 - 현재 어떤 에셋도 참조하지 않음"
"dragon_node_stone_enhance_name","구 트리(개편 전) 잔존 키 - 현재 어떤 에셋도 참조하지 않음"
"dragon_node_stone_enhance_desc","구 트리(개편 전) 잔존 키 - 현재 어떤 에셋도 참조하지 않음"
"dragon_node_life_awaken_name","구 트리(개편 전) 잔존 키 - 현재 어떤 에셋도 참조하지 않음"
"dragon_node_life_awaken_desc","구 트리(개편 전) 잔존 키 - 현재 어떤 에셋도 참조하지 않음"
"dragon_node_life_active_name","구 트리(개편 전) 잔존 키 - 현재 어떤 에셋도 참조하지 않음"
"dragon_node_life_active_desc","구 트리(개편 전) 잔존 키 - 현재 어떤 에셋도 참조하지 않음"
"dragon_node_life_enhance_name","구 트리(개편 전) 잔존 키 - 현재 어떤 에셋도 참조하지 않음"
"dragon_node_life_enhance_desc","구 트리(개편 전) 잔존 키 - 현재 어떤 에셋도 참조하지 않음"
