Id,en_us,ko_kr,memo
test,test,test,
population_allocation_assign_all,[TBD] Assign All,[미정] 모두 배치,
population_allocation_unassign_all,[TBD] Unassign All,[미정] 모두 회수,
building_window_assign_one,[TBD] +1 Assign,[미정] +1 배치,
building_window_unassign_one,[TBD] -1 Unassign,[미정] -1 회수,
building_window_close,[TBD] Close,[미정] 닫기,
building_window_population_label,[TBD] Population,[미정] 인구,
building_window_available_population_label,[TBD] Available,[미정] 가용 인구,
building_window_operation_label,[TBD] Operation,[미정] 가동,
building_window_operation_on_format,[TBD] Active ({0}%),[미정] 가동 중 ({0}%),
building_window_operation_off,[TBD] Halted,[미정] 정지,
building_window_research_label,[TBD] Research Points,[미정] 연구 포인트,
building_window_night_locked,[TBD] Population is locked at night,[미정] 밤에는 인구를 변경할 수 없습니다,
tower_sample,[TBD] Basic Tower,[미정] 기본 타워,
LoggingCamp,[TBD] Logging Camp,[미정] 벌목장,
Quarry,[TBD] Quarry,[미정] 채석장,
FarmField,[TBD] Farm Field,[미정] 농장,
SlimeFarm,[TBD] Slime Farm,[미정] 슬라임 농장,
research_lab_name,[TBD] Research Lab,[미정] 연구소,
research_node_grass_cultivation_name,[TBD] Grassland Cultivation,[미정] 초원 경작,
research_node_grass_cultivation_description,"[TBD] Grassland Food, Wood, and Stone production +10%.",[미정] 농장·광산 생산량 +10%,
research_node_tower_damage,[TBD] Tower Damage Increase,,
research_node_tower_damage_description,[TBD] All tower damage +10%.,[미정] 전 타워 공격력 +10%,
research_rp_amount,Research Points: {0},연구 포인트: {0},
research_population_amount,Research Population: {0}/{1},연구 인구: {0}/{1},
research_rp_cost,RP {0},RP {0},
research_resource_cost,{0} {1},{0} {1},
research_unknown_resource,[TBD] Resource,[미정] 자원,
research_branch_empty,[TBD] Coming Soon,,
research_state_completed,Completed,완료,
research_state_day_only,Research is available during the day only,낮에만 가능,
research_state_tier_locked,Tier Locked,티어 잠김,
research_state_prerequisite_locked,Prerequisite Required,선행 필요,
research_state_prerequisite_locked_with_names,Prerequisite Required: {0},선행 필요: {0},
research_state_insufficient_rp,Insufficient RP,RP 부족,
research_state_insufficient_resources,Insufficient Resources,자원 부족,
research_state_available,Available,연구 가능,
research_state_invalid,Unavailable,이용 불가,
resource_name_food,Food,식량,
resource_name_wood,Wood,통나무,
resource_name_stone,Stone,돌,
resource_name_grass_slime,[TBD] Grass Slime,초원 슬라임,
resource_name_rock_slime,[TBD] Rock Slime,암석 슬라임,
resource_name_volcano_slime,[TBD] Volcano Slime,용암 슬라임,
resource_name_desert_slime,[TBD] Desert Slime,사막 슬라임,
resource_name_snow_slime,[TBD] Snow Slime,설원 슬라임,
dragon_gate_kin_owned_ice,Requires an Ice baby dragon,얼음 새끼용을 보유해야 합니다,
dragon_gate_kin_owned_fire,Requires a Fire baby dragon,불 새끼용을 보유해야 합니다,
dragon_gate_kin_owned_time,Requires a Time baby dragon,시간 새끼용을 보유해야 합니다,
dragon_gate_kin_owned_stone,Requires a Stone baby dragon,암석 새끼용을 보유해야 합니다,
dragon_gate_kin_owned_life,Requires a Life baby dragon,생명 새끼용을 보유해야 합니다,
dragon_rank_badge,Lv {0}/{1},Lv {0}/{1},용 스킬트리 슬롯 랭크 뱃지
dragon_gate_kin_rank_deep,Requires 2 unlocked baby dragon nodes of this attribute,이 속성의 새끼용 노드를 2개 해금해야 합니다,용 스킬트리 게이트 / 해금 조건 안내
dragon_gate_kin_rank_ultimate,"Requires all 4 baby dragon nodes of this attribute, or both the active and passive branches completed","이 속성의 새끼용 노드 4개를 모두 해금하거나, 액티브·패시브 두 갈래를 모두 완주해야 합니다",용 스킬트리 게이트 / 해금 조건 안내
dragon_node_ice_unlock_name,Frost Awakening,서릿바람 각성,용 스킬트리 노드
dragon_node_ice_unlock_desc,"Unlocks the active skill [Deep Freeze]. While Ice is the active mother dragon, every tower's basic attack slows enemies by 50% for 3s.","액티브 [전역 빙결]을 해금합니다. 얼음 어미용이 활성일 때, 모든 타워의 기본공격이 적의 이동속도를 3초간 50% 낮춥니다.",용 스킬트리 노드
dragon_node_ice_active1_name,Frost Cycle,서리 순환,용 스킬트리 노드
dragon_node_ice_active1_desc,Reduces [Deep Freeze] cooldown by 12% per rank (up to 24%: 60s to 45.6s).,"[전역 빙결]의 쿨다운이 랭크당 12% 줄어듭니다(최대 24%, 60초 → 45.6초).",용 스킬트리 노드
dragon_node_ice_active2_name,Absolute Zero,절대 영도,용 스킬트리 노드
dragon_node_ice_active2_desc,Extends the freeze applied by [Deep Freeze] from 3s to 5s.,[전역 빙결]이 부여하는 빙결 지속시간이 3초에서 5초로 늘어납니다.,용 스킬트리 노드
dragon_node_ice_passive1_name,Snowfield Harvest,설원 채집,용 스킬트리 노드
dragon_node_ice_passive1_desc,"While Ice is active, Snow Slime and Snow Crystal output increases by 12% per rank (up to 24%).","얼음 어미용이 활성일 때, 설원 슬라임·눈의 결정 생산량이 랭크당 12% 증가합니다(최대 24%).",용 스킬트리 노드
dragon_node_ice_passive2_name,Cryo Attunement,냉기 조율,용 스킬트리 노드
dragon_node_ice_passive2_desc,"While Ice is active, Ice-element towers gain 10% attack speed per rank (up to 20%). Towers of other elements are unaffected.","얼음 어미용이 활성일 때, 얼음 속성 타워의 공격속도가 랭크당 10% 증가합니다(최대 20%). 다른 속성 타워는 영향받지 않습니다.",용 스킬트리 노드
dragon_node_fire_unlock_name,Flame Awakening,불꽃 각성,용 스킬트리 노드
dragon_node_fire_unlock_desc,"Unlocks the active skill [Burn Surge]. While Fire is the active mother dragon, every newly spawned enemy burns for 2 damage per second until it dies.","액티브 [전역 화염]을 해금합니다. 불 어미용이 활성일 때, 새로 등장하는 모든 적이 죽을 때까지 초당 2의 화상 피해를 받습니다.",용 스킬트리 노드
dragon_node_fire_active1_name,Raging Flame,맹렬한 화염,용 스킬트리 노드
dragon_node_fire_active1_desc,"Increases [Burn Surge] damage by 20% per rank (30% of current HP, up to 42%).",[전역 화염]의 피해가 랭크당 20% 강해집니다(현재 체력의 30% → 최대 42%).,용 스킬트리 노드
dragon_node_fire_active2_name,Chain Eruption,연쇄 분화,용 스킬트리 노드
dragon_node_fire_active2_desc,Reduces [Burn Surge] cooldown by 12% per rank (up to 24%: 60s to 45.6s).,"[전역 화염]의 쿨다운이 랭크당 12% 줄어듭니다(최대 24%, 60초 → 45.6초).",용 스킬트리 노드
dragon_node_fire_passive1_name,Volcanic Harvest,화산 채집,용 스킬트리 노드
dragon_node_fire_passive1_desc,"While Fire is active, Volcano Slime and Flame Heart output increases by 12% per rank (up to 24%).","불 어미용이 활성일 때, 용암 슬라임·불꽃의 심장 생산량이 랭크당 12% 증가합니다(최대 24%).",용 스킬트리 노드
dragon_node_fire_passive2_name,Pyro Attunement,화력 조율,용 스킬트리 노드
dragon_node_fire_passive2_desc,"While Fire is active, Fire-element towers gain 10% damage per rank (up to 20%). Towers of other elements are unaffected.","불 어미용이 활성일 때, 불 속성 타워의 공격력이 랭크당 10% 증가합니다(최대 20%). 다른 속성 타워는 영향받지 않습니다.",용 스킬트리 노드
dragon_node_time_unlock_name,Time Awakening,시간 각성,용 스킬트리 노드
dragon_node_time_unlock_desc,"Unlocks the active skill [Instant Reactivation]. While Time is the active mother dragon, every tower gains 15% attack speed.","액티브 [즉시 재활성화]를 해금합니다. 시간 어미용이 활성일 때, 모든 타워의 공격속도가 15% 증가합니다.",용 스킬트리 노드
dragon_node_time_active1_name,Time Compression,시간 압축,용 스킬트리 노드
dragon_node_time_active1_desc,Reduces [Instant Reactivation] cooldown by 12% per rank (up to 24%).,[즉시 재활성화]의 쿨다운이 랭크당 12% 줄어듭니다(최대 24%).,용 스킬트리 노드
dragon_node_time_active2_name,Temporal Rewind,시간 역행,용 스킬트리 노드
dragon_node_time_active2_desc,Reduces [Instant Reactivation] cooldown by a further 12% per rank. Fully upgrading both active branches totals 48% (60s to 31.2s).,[즉시 재활성화]의 쿨다운이 랭크당 12% 추가로 줄어듭니다. 액티브 두 갈래를 모두 강화하면 합계 48%입니다(60초 → 31.2초).,용 스킬트리 노드
dragon_node_time_passive1_name,Desert Harvest,사막 채집,용 스킬트리 노드
dragon_node_time_passive1_desc,"While Time is active, Desert Slime and Time Sand output increases by 12% per rank (up to 24%).","시간 어미용이 활성일 때, 사막 슬라임·시간의 모래 생산량이 랭크당 12% 증가합니다(최대 24%).",용 스킬트리 노드
dragon_node_time_passive2_name,Tempo Attunement,가속 조율,용 스킬트리 노드
dragon_node_time_passive2_desc,"While Time is active, Time-element towers gain 10% attack speed per rank (up to 20%). Towers of other elements are unaffected.","시간 어미용이 활성일 때, 시간 속성 타워의 공격속도가 랭크당 10% 증가합니다(최대 20%). 다른 속성 타워는 영향받지 않습니다.",용 스킬트리 노드
dragon_node_stone_unlock_name,Stone Awakening,암석 각성,용 스킬트리 노드
dragon_node_stone_unlock_desc,"Unlocks the active skill [Meteor Barricade]. While Stone is the active mother dragon, Stone, Rock Slime and Philosopher's Stone output increases by 20%.","액티브 [메테오 방벽]을 해금합니다. 암석 어미용이 활성일 때, 돌·암석 슬라임·현자의 돌 생산량이 20% 증가합니다.",용 스킬트리 노드
dragon_node_stone_active1_name,Meteor Fall,운석 낙하,용 스킬트리 노드
dragon_node_stone_active1_desc,Increases [Meteor Barricade] damage by 20% per rank (40 to 56).,[메테오 방벽]의 피해가 랭크당 20% 강해집니다(40 → 최대 56).,용 스킬트리 노드
dragon_node_stone_active2_name,Fortified Barricade,견고한 방벽,용 스킬트리 노드
dragon_node_stone_active2_desc,Increases the max HP of the barricade raised by [Meteor Barricade] by 50% per rank (50 to 100).,[메테오 방벽]이 세우는 방벽의 최대 체력이 랭크당 50% 늘어납니다(50 → 최대 100).,용 스킬트리 노드
dragon_node_stone_passive1_name,Quarry Yield,채석 증산,용 스킬트리 노드
dragon_node_stone_passive1_desc,"While Stone is active, Stone, Rock Slime and Philosopher's Stone output increases by a further 12% per rank (up to 24%).","암석 어미용이 활성일 때, 돌·암석 슬라임·현자의 돌 생산량이 랭크당 12% 추가로 증가합니다(최대 24%).",용 스킬트리 노드
dragon_node_stone_passive2_name,Geo Attunement,암반 조율,용 스킬트리 노드
dragon_node_stone_passive2_desc,"While Stone is active, Stone-element towers gain 10% damage per rank (up to 20%). Towers of other elements are unaffected.","암석 어미용이 활성일 때, 암석 속성 타워의 공격력이 랭크당 10% 증가합니다(최대 20%). 다른 속성 타워는 영향받지 않습니다.",용 스킬트리 노드
dragon_node_life_unlock_name,Life Awakening,생명 각성,용 스킬트리 노드
dragon_node_life_unlock_desc,"Unlocks the active skill [Castle Mend]. While Life is the active mother dragon, Food and Grass Slime output increases by 20%.","액티브 [성벽 재생]을 해금합니다. 생명 어미용이 활성일 때, 식량·초원 슬라임 생산량이 20% 증가합니다.",용 스킬트리 노드
dragon_node_life_active1_name,Swift Mending,신속한 치유,용 스킬트리 노드
dragon_node_life_active1_desc,Reduces [Castle Mend] cooldown by 12% per rank (up to 24%).,[성벽 재생]의 쿨다운이 랭크당 12% 줄어듭니다(최대 24%).,용 스킬트리 노드
dragon_node_life_active2_name,Blooming Life,만개하는 생명,용 스킬트리 노드
dragon_node_life_active2_desc,Increases [Castle Mend] healing by 20% per rank (50 to 70).,[성벽 재생]의 회복량이 랭크당 20% 늘어납니다(50 → 최대 70).,용 스킬트리 노드
dragon_node_life_passive1_name,Meadow Yield,초원 증산,용 스킬트리 노드
dragon_node_life_passive1_desc,"While Life is active, Food and Grass Slime output increases by a further 12% per rank (up to 24%).","생명 어미용이 활성일 때, 식량·초원 슬라임 생산량이 랭크당 12% 추가로 증가합니다(최대 24%).",용 스킬트리 노드
dragon_node_life_passive2_name,Vital Attunement,생명 조율,용 스킬트리 노드
dragon_node_life_passive2_desc,"While Life is active, every tower gains 10% max HP per rank (up to 20%), regardless of element. Applied when the night begins.","생명 어미용이 활성일 때, 모든 타워의 최대 체력이 랭크당 10% 증가합니다(최대 20%). 속성을 가리지 않으며, 밤이 시작될 때 적용됩니다.",용 스킬트리 노드
dragon_node_ice_ultimate_name,Eternal Winter,영원한 겨울,
dragon_node_ice_ultimate_desc,"The tower-attack slow keeps working even while Ice is not the active mother dragon, and [Deep Freeze] cooldown is reduced by a further 20%.","얼음 어미용이 활성이 아닐 때도 타워 공격의 둔화 부여가 계속 작동하고, [전역 빙결]의 쿨다운이 20% 추가로 줄어듭니다.",
dragon_node_ice_kin_tower_name,Frostfang,서릿니,
dragon_node_ice_kin_tower_desc,"The Ice baby dragon's attacks apply slow (rank 1), and its own damage increases by 12% (rank 2). Applies at all times, regardless of which mother dragon is active.","얼음 새끼용의 공격에 둔화가 붙고(랭크 1), 자신의 공격력이 12% 증가합니다(랭크 2). 어미용 활성 여부와 무관하게 항상 적용됩니다.",
dragon_node_ice_kin_area_name,Lava Freeze,용암 결빙,
dragon_node_ice_kin_area_desc,Widens the Ice baby dragon's buff radius by 20% per rank (3 to 4.2). Buildings can be placed on volcanic terrain inside that radius.,얼음 새끼용의 버프 반경이 랭크당 20% 넓어집니다(3 → 4.2). 이 반경 안에서는 화산 지대에도 건물을 지을 수 있습니다.,
dragon_node_fire_ultimate_name,Great Conflagration,대화재,
dragon_node_fire_ultimate_desc,"Enemies keep burning on spawn even while Fire is not the active mother dragon, and [Burn Surge] deals 30% more damage with 20% less cooldown.","불 어미용이 활성이 아닐 때도 적이 등장할 때 화상이 계속 부여되고, [전역 화염]의 피해가 30% 강해지며 쿨다운이 20% 줄어듭니다.",
dragon_node_fire_kin_tower_name,Emberfang,불꽃니,
dragon_node_fire_kin_tower_desc,"The burn applied by the Fire baby dragon deals 2 damage per second (rank 1), rising to 4 (rank 2). Applies at all times, regardless of which mother dragon is active.","불 새끼용이 부여하는 화상이 초당 2의 피해를 주고(랭크 1), 초당 4로 강해집니다(랭크 2). 어미용 활성 여부와 무관하게 항상 적용됩니다.",
dragon_node_fire_kin_area_name,Long Reach Flame,장거리 화염,
dragon_node_fire_kin_area_desc,"Increases the Fire baby dragon's own attack range by 12% per rank (up to 24%). Applies at all times, regardless of which mother dragon is active.",불 새끼용 자신의 공격 사거리가 랭크당 12% 증가합니다(최대 24%). 어미용 활성 여부와 무관하게 항상 적용됩니다.,
dragon_node_time_ultimate_name,Eternal Hourglass,영원의 모래시계,
dragon_node_time_ultimate_desc,"Every tower keeps 7.5% attack speed even while Time is not the active mother dragon, and conquest expeditions take 1 day less.","시간 어미용이 활성이 아닐 때도 모든 타워가 공격속도 7.5%를 유지하고, 원정(점령)에 걸리는 일수가 1 줄어듭니다.",
dragon_node_time_kin_tower_name,Clockwork Fang,태엽니,
dragon_node_time_kin_tower_desc,"Increases the Time baby dragon's own attack speed by 12% per rank (up to 24%). Applies at all times, regardless of which mother dragon is active.",시간 새끼용 자신의 공격속도가 랭크당 12% 증가합니다(최대 24%). 어미용 활성 여부와 무관하게 항상 적용됩니다.,
dragon_node_time_kin_area_name,Desert Reprieve,사막의 안식,
dragon_node_time_kin_area_desc,Widens the Time baby dragon's buff radius by 20% per rank (5 to 7). Desert terrain penalties are nullified inside that radius.,시간 새끼용의 버프 반경이 랭크당 20% 넓어집니다(5 → 7). 이 반경 안에서는 사막 지대의 지역 페널티가 사라집니다.,
dragon_node_stone_ultimate_name,Lord of Earth,대지의 군주,
dragon_node_stone_ultimate_desc,"Half of the production bonus (10%) remains even while Stone is not the active mother dragon, and [Meteor Barricade] daily uses increase from 2 to 3.","암석 어미용이 활성이 아닐 때도 생산량 증가가 절반(10%) 남고, [메테오 방벽]의 1일 사용 횟수가 2회에서 3회로 늘어납니다.",
dragon_node_stone_kin_tower_name,Boulderfang,바위니,
dragon_node_stone_kin_tower_desc,"Increases the Stone baby dragon's own damage by 12% per rank (up to 24%). Applies at all times, regardless of which mother dragon is active.",암석 새끼용 자신의 공격력이 랭크당 12% 증가합니다(최대 24%). 어미용 활성 여부와 무관하게 항상 적용됩니다.,
dragon_node_stone_kin_area_name,Vein Resonance,광맥 공명,
dragon_node_stone_kin_area_desc,Raises the production multiplier the Stone baby dragon grants to nearby facilities from 2.0x by 0.3x per rank (up to 2.6x). Applies to Stone and the four specialty resources.,암석 새끼용이 주변 생산시설에 주는 생산 배율이 2.0배에서 랭크당 0.3배씩 올라 최대 2.6배가 됩니다(돌·특화 자원 4종 대상).,
dragon_node_life_ultimate_name,Blessing of the World Tree,세계수의 축복,
dragon_node_life_ultimate_desc,"Half of the production bonus (10%) remains even while Life is not the active mother dragon, and [Castle Mend] heals 30% more with 20% less cooldown.","생명 어미용이 활성이 아닐 때도 생산량 증가가 절반(10%) 남고, [성벽 재생]의 회복량이 30% 늘어나며 쿨다운이 20% 줄어듭니다.",
dragon_node_life_kin_tower_name,Life's Touch,생명의 손길,
dragon_node_life_kin_tower_desc,"Widens the Life baby dragon's buff radius by 20% per rank (3 to 4.2). Applies at all times, regardless of which mother dragon is active.",생명 새끼용의 버프 반경이 랭크당 20% 넓어집니다(3 → 4.2). 어미용 활성 여부와 무관하게 항상 적용됩니다.,
dragon_node_life_kin_area_name,Fields of Plenty,풍요의 들판,
dragon_node_life_kin_area_desc,Raises the production multiplier the Life baby dragon grants to nearby facilities from 2.0x by 0.3x per rank (up to 2.6x). Applies to Food and Wood.,생명 새끼용이 주변 생산시설에 주는 생산 배율이 2.0배에서 랭크당 0.3배씩 올라 최대 2.6배가 됩니다(식량·통나무 대상).,
dragon_window_header,Dragons,용,
dragon_upgrade_button,Upgrade!,강화!,
dragon_state_invalid,Unavailable,이용 불가,
dragon_state_completed,Unlocked,해금 완료,
dragon_state_unavailable_phase,Can only be upgraded during the day,낮에만 강화할 수 있습니다,
dragon_state_prerequisite_locked,Requires the previous node,선행 노드가 필요합니다,
dragon_state_gate_locked,Requirements not met,조건 미달,
dragon_state_insufficient_resources,Not enough resources,자원이 부족합니다,
dragon_state_available,Ready to unlock,해금 가능,
dragon_resource_cost,{0} {1},{0} {1},
dragon_unknown_resource,Resource,자원,
dragon_attribute_ice,Ice,얼음,
dragon_attribute_fire,Fire,불,
dragon_attribute_time,Time,시간,
dragon_attribute_stone,Stone,암석,
dragon_attribute_life,Life,생명,
baby_dragon_inventory_title,Dragon Inventory,새끼용 인벤토리,
baby_dragon_egg_progress,{0} day(s),{0} 일,
baby_dragon_slot_egg_label,{0} Egg,{0},
baby_dragon_slot_dragon_label,{0} Dragon,{0},
baby_dragon_feed_info,{0}/day,{0}/일,
baby_dragon_manage_title_format,[TBD] {0} Baby Dragon,[미정] {0} 새끼용,
baby_dragon_manage_status_label,[TBD] Status,[미정] 상태,
baby_dragon_manage_status_active,[TBD] Active,[미정] 활성,
baby_dragon_manage_status_starving,[TBD] Starving,[미정] 굶주림,
baby_dragon_manage_feed_label,[TBD] Daily Feed,[미정] 하루 먹이,
baby_dragon_manage_buff_radius_label,[TBD] Buff Radius,[미정] 버프 반경,
baby_dragon_manage_buff_multiplier_label,[TBD] Buff Multiplier,[미정] 버프 배율,
baby_dragon_manage_mode_attack,[TBD] Attack Mode,[미정] 공격모드,
baby_dragon_manage_mode_buff,[TBD] Buff Mode,[미정] 버프모드,
baby_dragon_manage_relocate,[TBD] Relocate,[미정] 재배치,
baby_dragon_manage_skill_tree,[TBD] Skill Tree,[미정] 강화 트리,
baby_dragon_manage_remove,[TBD] Demolish,[미정] 철거,
baby_dragon_manage_close,[TBD] Close,[미정] 닫기,
baby_dragon_manage_night_locked,[TBD] Cannot relocate at night,[미정] 밤에는 재배치할 수 없습니다,
research_node_tower_damage_name,[TBD] Basic Training,[미정] 기본 훈련,
research_node_tower_range_1_name,[TBD] Range Extension I,[미정] 사거리 확장 I,
research_node_tower_range_1_description,[TBD] Tower range +15%.,[미정] 사거리 +15%,
research_node_tower_firerate_1_name,[TBD] Rate of Fire I,[미정] 연사 개량 I,
research_node_tower_firerate_1_description,[TBD] Attack speed +12%.,[미정] 공격속도 +12%,
research_node_tower_manpower_1_name,[TBD] Manpower Efficiency I,[미정] 인력 효율 I,
research_node_tower_manpower_1_description,[TBD] Tower population requirement -1 (min 1).,[미정] 타워 필요 인구 -1 (하한 1),
research_node_tower_elemental_unlock_name,[TBD] Elemental Towers,[미정] 속성 타워 해금,
research_node_tower_elemental_unlock_description,[TBD] Allows building biome-specialized towers.,[미정] 바이옴 특화 타워 건설 가능,
research_node_tower_pierce_splash_name,[TBD] Pierce / Splash,[미정] 관통/스플래시,
research_node_tower_pierce_splash_description,[TBD] Unlocks multi-hit tower families.,[미정] 다중 타격 계열 해금,
research_node_tower_elemental_branch_name,[TBD] Elemental Specialization,[미정] 속성 특화 분기,
research_node_tower_elemental_branch_description,[TBD] Strengthens per-element specialization effects.,[미정] 속성별 특화 효과 강화,
research_node_production_outer_basic_name,[TBD] Outer Basic Harvesting,[미정] 외곽 기초자원 채집,
research_node_production_outer_basic_description,"[TBD] Unlocks food, wood, and stone harvesting in outer biomes.",[미정] 외곽 바이옴 식량·목재·석재 채집 해금,
research_node_production_specialized_name,[TBD] Specialized Facilities,[미정] 특화 생산 시설,
research_node_production_specialized_description,[TBD] Biome specialty resource efficiency +20%.,[미정] 바이옴 특화 자원 효율 +20%,
research_node_production_slime_farm_name,[TBD] Slime Farming,[미정] 슬라임 양식,
research_node_production_slime_farm_description,[TBD] Slime production in specialty areas +25%.,[미정] 특화 지역 슬라임 생산 +25%,
research_node_production_optimize_name,[TBD] Production Optimization,[미정] 생산 최적화,
research_node_production_optimize_description,[TBD] Production facility population requirement -1 (min 1).,[미정] 생산 시설 필요 인구 -1 (하한 1),
research_node_production_diagonal_name,[TBD] Diagonal Zone Development,[미정] 대각선 지대 개발,
research_node_production_diagonal_description,[TBD] Production bonus in high-yield diagonal zones.,[미정] 고수익 대각선 지대 생산 보너스,
research_node_production_auto_line_name,[TBD] Automated Production Line,[미정] 자동 생산 라인,
research_node_production_auto_line_description,[TBD] Some resources are auto-produced at settlement.,[미정] 정산 시 일부 자원 자동 증산,
research_node_convenience_scout_1_name,[TBD] Scouting I,[미정] 정찰 I,
research_node_convenience_scout_1_description,[TBD] Fog of war vision radius +1 step.,[미정] 전장의 안개 가시 반경 +1단계,
research_node_convenience_lab_expand_1_name,[TBD] Lab Expansion I,[미정] 연구소 증축 I,
research_node_convenience_lab_expand_1_description,[TBD] Raises the research lab population cap (more RP per night).,[미정] 연구소 배치 가능 최대 인구 +N (RP 생성량↑),
research_node_convenience_tower_move_name,[TBD] Tower Relocation,[미정] 타워 이동 해금,
research_node_convenience_tower_move_description,[TBD] Move towers without demolishing them.,[미정] 철거 없이 타워 이동 가능,
research_node_convenience_castle_regen_1_name,[TBD] Castle Auto-Repair I,[미정] 성 자동 회복 I,
research_node_convenience_castle_regen_1_description,[TBD] Castle passively regenerates health each day.,[미정] 매일 낮 성 체력 패시브 회복,
research_node_convenience_castle_repair_name,[TBD] Emergency Castle Repair,[미정] 성 긴급 수리,
research_node_convenience_castle_repair_description,[TBD] Improves instant daytime repair efficiency.,[미정] 낮 자원 소모 즉시 수리 효율↑,
research_node_convenience_expedition_logistics_name,[TBD] Expedition Logistics,[미정] 원정 물류,
research_node_convenience_expedition_logistics_description,[TBD] Reduces conquest expedition cost and duration.,[미정] 점령 출격 비용/소요 감소,
research_node_convenience_lab_expand_2_name,[TBD] Lab Expansion II,[미정] 연구소 증축 II,
research_node_convenience_lab_expand_2_description,[TBD] Research lab build limit +1.,[미정] 건설 가능한 연구소 +1,
research_node_convenience_scout_2_name,[TBD] Scouting II,[미정] 정찰 II,
research_node_convenience_scout_2_description,[TBD] Greatly extends vision and marks landmarks.,[미정] 가시 반경 대폭 확장 + 랜드마크 표시,
research_node_convenience_batch_manage_name,[TBD] Batch Placement / Management,[미정] 일괄 배치/관리,
research_node_convenience_batch_manage_description,[TBD] Unlocks batch tower and population placement UI.,[미정] 타워·인구 배치 편의 UI 해금,
research_node_convenience_auto_settle_name,[TBD] Automated Settlement,[미정] 자동 정산 보조,
research_node_convenience_auto_settle_description,[TBD] Automates settlement and distribution.,[미정] 정산·배분 자동화 편의,
research_window_header,Research,연구,
research_button,Research!,연구!,
research_branch_tower,Tower,타워,
research_branch_production,Production,생산,
research_branch_convenience,Convenience,편의,
research_tier_caption_1,Game Start,게임 시작,
research_tier_caption_2,End of Cycle 1,1주기 종료,
research_tier_caption_3,End of Cycle 2,2주기 종료,
research_tier_caption_4,End of Cycle 3,3주기 종료,
research_tier_label,T{0},T{0},
research_tier_locked_badge,Cycle {0},{0}주기,
dragon_skill_freeze_all_name,Deep Freeze,전역 빙결,
dragon_skill_freeze_all_desc,"Freezes every enemy on the field in place for 3s. Cooldown 60s, unlimited uses per day.","필드에 있는 모든 적을 3초간 얼려 멈춥니다. 쿨다운 60초, 1일 사용 횟수 제한 없음.",
dragon_skill_global_damage_name,Burn Surge,전역 화염,
dragon_skill_global_damage_desc,"Deals 30% of current HP to every enemy on the field and reapplies burn. Cooldown 60s, unlimited uses per day.","필드에 있는 모든 적에게 현재 체력의 30%만큼 피해를 주고 화상을 다시 부여합니다. 쿨다운 60초, 1일 사용 횟수 제한 없음.",
dragon_skill_repair_towers_name,Instant Reactivation,즉시 재활성화,
dragon_skill_repair_towers_desc,"Instantly restores every disabled tower without waiting out its downtime. Cooldown 60s, unlimited uses per day.","비활성화된 모든 타워를 대기시간 없이 즉시 복구합니다. 쿨다운 60초, 1일 사용 횟수 제한 없음.",
dragon_skill_meteor_name,Meteor Barricade,메테오 방벽,
dragon_skill_meteor_desc,"Deals 40 damage within radius 1.5 of the target point and raises a 50 HP barricade on the monster path. The barricade is removed when the night ends. Cooldown 60s, 2 uses per day.","지정한 지점 반경 1.5 안의 적에게 40의 피해를 주고, 몬스터 경로에 체력 50의 방벽을 세웁니다. 방벽은 밤이 끝나면 사라집니다. 쿨다운 60초, 1일 2회.",
dragon_skill_castle_heal_name,Castle Mend,성벽 재생,
dragon_skill_castle_heal_desc,"Restores 50 HP to the main castle. Cooldown 60s, unlimited uses per day.","메인 성의 체력을 50 회복합니다. 쿨다운 60초, 1일 사용 횟수 제한 없음.",
main_castle_window_header,[TBD] Mother Dragon,[미정] 어미용,
main_castle_window_attribute_label,[TBD] Current Attribute,[미정] 현재 속성,
main_castle_window_change_button,[TBD] Change Attribute,[미정] 속성 변경,
main_castle_window_change_available,[TBD] Can change once today,[미정] 오늘 1회 변경 가능,
main_castle_window_change_used,[TBD] Already changed today,[미정] 오늘은 이미 변경했습니다,
main_castle_window_slime_label,[TBD] Slime,[미정] 슬라임,
main_castle_window_skill_tree_button,[TBD] Dragon Skill Tree,[미정] 용 스킬트리,
population_allocation_building_population_format,{0}/{1},[미정] 배치 인구: {0}/{1},
population_allocation_total_population_format,{0}/{1},[미정] 가용 인구: {0}/{1},
main_day,CYCLE {0} DAY {1},{0}주기 {1}일차,메인 날짜 UI ({0}=주기(0부터) {1}=주기 내 일차(1부터))
buildmode_button_move,MOVE,이동,빌드모드 패널 이동 버튼
buildmode_button_remove,REMOVE,삭제,빌드모드 패널 삭제 버튼
ingame_button_buildMode,Build Mode,건설 모드,인게임 건설 모드 버튼
ingame_button_workerMode,Worker Mode,인구 모드,인게임 인구 모드 버튼
ingame_button_claim,CLAIM,점령,인게임 점령 버튼
ingame_button_research,RESEARCH,연구,인게임 연구 버튼
ingame_button_nextNight,NEXT NIGHT,밤으로 변경,인게임 밤 변경 버튼
ingame_button_dragon,DRAGON,드래곤,인게임 드래곤 버튼
claim_overlay_produce,"Production
Available",생산 가능,점령 청크 보상 미리보기 패널
claim_panel_duration,DURATION,걸리는 시간,점령 청크 패널
claim_panel_duration_time,{0} Day(s),{0} 일,점령 청크 패널 걸리는 시간
claim_panel_name,Land Claim,영토 점유,점령 패널 이름
claim_panel_cost,Cost To claim,필요한 자원,점령 패널 필요한 자원
claim_panel_button_claim,CLAIM,점령 하기,점령 패널 점령하기 버튼
claim_chunk_timer,{0} DAY(S),{0} 일,청크 점령시 남은 시간
slot_claimList,{0} Day(s),{0} 일,점령 리스트 오버레이
warning_message_claim,You cannot claim territory at night.,밤에는 점령 작업을 할 수 없습니다.,밤에 점령버튼 눌렀을 시 경고 문구
warning_message_workerMode,Cannot assign population because no buildings have been placed.,배치된 건물이 없어 인구를 할당할 수 없습니다.,배치된 건물이 없는데 workerMode 눌렀을 때 뜨는 메세지
baby_dragon_toast_egg_granted,[TBD] You received a {0} Dragon Egg!,[미정] {0} 속성 용의 알을 얻었습니다!,새끼용 가이드 / 알 획득 토스트. {0}=속성명
baby_dragon_toast_egg_hatched,[TBD] Your {0} Dragon Egg hatched!,[미정] {0} 속성 용의 알이 부화했습니다!,새끼용 가이드 / 부화 토스트. {0}=속성명
landmark_toast_artifact_acquired,[TBD] You acquired the {0} relic!,[미정] {0} 유물을 획득했습니다!,랜드마크 / 유물 획득 토스트. {0}=랜드마크명
research_toast_tower_unlocked,[TBD] You can now build the {0} tower!,[미정] 이제 {0} 타워를 건설할 수 있습니다!,연구·랜드마크 / 타워 영구 해금 토스트. {0}=타워명
baby_dragon_guide_open_inventory,[TBD] Press {0} or this button to open the baby dragon inventory and check your egg.,[미정] {0} 키나 이 버튼으로 새끼용 인벤토리를 열어 알을 확인하세요.,새끼용1단계 / 딤+스포트라이트. {0}=토글 키 이름(Tab)
baby_dragon_guide_switch_tab,[TBD] Switch to this tab.,[미정] 이 탭을 눌러보세요.,새끼용있는 탭이 안내 대상과 다를 때
baby_dragon_guide_wait_hatch,[TBD] This egg hatches in a few days. Press X button to close the window and let a day pass.,[미정] 이 알은 며칠 뒤 아침에 부화합니다. X 버튼을 눌러 창을 닫고 하루를 보내세요.,새끼용 가이드 2단계 / 부화 대기
baby_dragon_guide_place_dragon,"[TBD] Select the dragon, then click a tile to place it.",[미정] 새끼용을 고른 뒤 타일을 클릭해 배치하세요.,새끼용 가이드 3단계 / 배치 유도
baby_dragon_guide_completed,[TBD] You can earn more dragon eggs from cycle bosses and conquest.,[미정] 앞으로 주기 보스와 점령으로 알을 더 얻을 수 있습니다.,새끼용 가이드 / 안내 종료 토스트
baby_dragon_guide_manage_hint,[TBD] Click a placed baby dragon to see its effects.,[미정] 배치한 새끼용을 클릭하면 효과를 볼 수 있습니다.,새끼용 가이배치 후 효과 확인 안내 토스트
baby_dragon_guide_reopen_inventory,[TBD] Your baby dragon hatched. Press {0} or this button to open the inventory.,[미정] 새끼용이 부화했습니다. {0} 키나 이 버튼으로 인벤토리를 열어보세요.,새끼용 가이드 3단계 진입 / 창이 닫혀 있을 때. {0}=토글 키(Tab)
portal_preview_count,x{0},x{0},
config_window_header,Settings,Settings,
config_section_graphics,Graphics,Graphics,
config_section_sound,Sound,Sound,
config_section_language,Language,Language,
config_section_key,Key Bindings,Key Bindings,
config_resolution,Resolution,Resolution,
config_resolution_format,{0}x{1},{0}x{1},
config_fullscreen,Fullscreen,Fullscreen,
config_volume_master,Master,Master,
config_volume_bgm,Music,Music,
config_volume_se,Effects,Effects,
config_volume_percent,{0}%,{0}%,
config_language,Language,Language,
config_language_en_us,English,English,
config_language_ko_kr,Korean,Korean,
save_timestamp_format,"[TBD] MMM d, yyyy HH:mm",yyyy년 M월 d일 HH:mm,
save_last_saved_label,[TBD] Last saved: {0},[미정] 마지막 저장: {0},
save_slot_empty,[TBD] Empty,[미정] 빈 슬롯,
save_slot_corrupted,[TBD] Corrupted save,[미정] 손상된 세이브,
save_slot_auto_badge,[TBD] Auto,[미정] 자동,
save_slot_day_label,[TBD] Day {0},[미정] {0} 일째,
save_fail_generic,[TBD] Failed to save.,[미정] 저장에 실패했습니다.,
save_fail_phase,[TBD] You can only save during the day.,[미정] 낮에만 저장할 수 있습니다.,
save_fail_serialize,[TBD] Failed to save. (data error),[미정] 저장에 실패했습니다. (데이터 오류),
save_fail_disk,[TBD] Failed to save. Check your available disk space.,[미정] 저장에 실패했습니다. 디스크 여유 공간을 확인하세요.,
load_fail_generic,[TBD] Failed to load.,[미정] 불러오기에 실패했습니다.,
load_fail_not_found,[TBD] No save data in this slot.,[미정] 이 슬롯에는 저장된 데이터가 없습니다.,
load_fail_parse,[TBD] This save file is damaged.,[미정] 세이브 파일이 손상됐습니다.,
load_fail_schema,[TBD] This save file is from an incompatible version.,[미정] 호환되지 않는 버전의 세이브 파일입니다.,
dragon_babyDragon_Inventory_title,Baby Dragon Inventory,보유한 새끼용 목록,보유한 새끼용 목록
dragon_babyDragon_Inventory_egg_title,Egg Inventory,보유한 알 목록,보유한 알 목록
dragon_motherDragon_info_life,[TBD] The Nature Dragon’s blessing is upon you.,"[미정] 자연 속성 용의 가호를 받고 있습니다.
(용의 효과 설명 추가)",자연 속성 용 설명
dragon_motherDragon_info_fire,[TBD] The Fire Dragon’s blessing is upon you.,"[미정] 불 속성 용의 가호를 받고 있습니다.
(용의 효과 설명 추가)",불 속성 용 설명
dragon_motherDragon_info_ice,[TBD] The Ice Dragon’s blessing is upon you.,"[미정] 얼음 속성 용의 가호를 받고 있습니다.
(용의 효과 설명 추가)",얼음 속성 용 설명
dragon_motherDragon_info_time,[TBD] The Time Dragon’s blessing is upon you.,"[미정] 시간 속성 용의 가호를 받고 있습니다.
(용의 효과 설명 추가)",시간 속성 용 설명
dragon_motherDragon_info_stone,[TBD] The Stone Dragon’s blessing is upon you.,"[미정]  암석 속성 용의 가호를 받고 있습니다.
(용의 효과 설명 추가)",암석 속성 용 설명
dragon_motherDragon_button_change,change,변경,어미용 속성 변경 버튼
dragon_motherDragon_header_skillTree,Skill Tree,스킬 트리,어미용 스킬트리 텍스트
dragon_babyDragon_info_grass,[TBD] Grass Baby Dragon Info,[미정] 초원 속성 새끼용의 정보,초원 속성 새끼용의 정보
dragon_babyDragon_info_fire,[TBD] Fire Baby Dragon Info,[미정] 불 속성 새끼용의 정보,불 속성 새끼용의 정보
dragon_babyDragon_info_ice,[TBD] Ice Baby Dragon Info,[미정] 얼음 속성 새끼용의 정보,얼음 속성 새끼용의 정보
dragon_babyDragon_info_time,[TBD] Time Baby Dragon Info,[미정] 시간 속성 새끼용의 정보,시간 속성 새끼용의 정보
dragon_babyDragon_info_stone,[TBD] Stone Baby Dragon Info,[미정] 돌 속성 새끼용의 정보,돌 속성 새끼용의 정보
dragon_button_motherDragon,MOTHER DRAGON,어미 용,드래곤 패널 탭 메뉴 어미용
dragon_button_babyDragon,BABY DRAGON,새끼 용,드래곤 패널 탭 메뉴 새끼용
baby_dragon_guide_place_dragon_tile,[TBD] Click a tile to place it,[미정] 배치할 타일을 클릭하세요.,
game_speed_multiplier_format,{0}x,{0}x,
resource_tooltip_row,{0} {1},{0} {1},
resource_tooltip_total,Net,합계,
resource_forecast_production,Production,생산,
resource_forecast_population_upkeep,Population upkeep,인구 유지비,
resource_forecast_terrain_upkeep,Terrain upkeep,지역 유지비,
resource_warning_food,"[TBD] Short by {0}. If you end the day like this, {0} people will starve to death.",{0} 부족합니다. 이대로 날을 넘기면 인구 {0}명이 굶어 죽습니다.,
resource_warning_material,[TBD] Short by {0}. Facilities that cannot pay their upkeep will have their workers pulled off.,{0} 부족합니다. 유지비를 내지 못한 시설은 배치된 인구가 해제됩니다.,
resource_warning_generic,[TBD] Short by {0}. Ending the day like this will leave you unable to pay.,{0} 부족합니다. 이대로 날을 넘기면 비용을 낼 수 없습니다.,
resource_warning_depleted,[TBD] This runs dry after the next settlement.,다음 정산 후 바닥납니다.,
resource_name_flame_heart,[TBD] Flame Heart,불꽃의 심장,
resource_name_snow_crystal,[TBD] Snow Crystal,눈의 결정,
resource_name_time_sand,[TBD] Time Sand,시간의 모래,
resource_name_philosopher_stone,[TBD] Philosopher Stone,현자의 돌,
guide_confirm_button,Next,다음,
tutorial_ending_next,Next,다음,
tutorial_conquest_unreachable,You cannot go there. Pick a green tile.,갈 수 없는 땅입니다. 초록색 땅을 고르세요.,
tutorial_night_blocked,You can start the night once this guide finishes.,안내가 끝나면 밤으로 넘어갈 수 있습니다.,
tutorial_objective_panel_header,Daily Quests,일일 퀘스트,
tutorial_day2_open_dragon_for_slime,Open the dragon window to check your slime stock.,용 창을 열어 슬라임 보유 현황을 확인하세요.,
tutorial_day2_slime_stock_info,It shows what you hold now and what settles tomorrow morning.,지금 가진 슬라임과 내일 아침 정산될 양이 함께 표시됩니다.,
tutorial_day1_next_hint,"When an explanation ends, press [Next] to continue.",설명을 읽었으면 [다음] 버튼을 눌러 넘어가세요.,
tutorial_day1_intro,"At night, monsters pour from the portals to the castle. If the castle falls it is over. Block their path by day.",밤이 되면 포탈에서 몬스터가 성으로 몰려옵니다. 성이 무너지면 끝입니다.,
tutorial_day1_close_build_panel,"Press ESC, or the BUILD MODE button again, to close the build panel.",ESC를 누르거나 건설 모드 버튼을 다시 눌러 건설 창을 닫으세요.,
tutorial_day1_click_tower,Click the tower you just built.,방금 세운 타워를 클릭하세요.,
tutorial_day1_assign_population,Press +1 ASSIGN to staff this tower with one worker.,ASSIGN 버튼을 눌러 이 타워에 인구를 한 명 배치하세요,
tutorial_day1_operation_rate,"The closer to full staff, the higher the operation rate. A higher operation rate makes the tower fire faster. Unstaffed towers do not fire.",인구가 정원에 가까울수록 가동률이 오릅니다. 가동률이 오르면 공격 속도가 빨라집니다. 인구가 없으면 싸우지 않습니다.,
tutorial_day1_close_population_panel,Press CLOSE to close the staffing panel.,CLOSE 버튼을 눌러 인구 창을 닫으세요.,
tutorial_day1_click_research_lab,Click the lab you just built.,세운 연구소를 클릭하세요.,
tutorial_day1_assign_lab_population,Press +1 ASSIGN to staff the lab.,ASSIGN 버튼을 눌러 연구소에 인구를 배치하세요.,
tutorial_day1_research_point_info,Lab workers bring research points at the end of each night. An unstaffed lab earns nothing at all.,연구소의 인구가 밤이 끝날 때 연구 포인트를 모아 옵니다. 인구가 없으면 연구소가 있어도 쌓이지 않습니다.,
tutorial_day1_research_button_info,You spend research points through the RESEARCH button. You have none today. Come back tomorrow morning.,모인 연구 포인트는 연구 버튼에서 씁니다. 오늘은 포인트가 없습니다. 내일 아침에 다시 오세요.,
tutorial_day1_food_info,"Your people eat every day. Food comes from farms. Run out and your people leave, idling towers and workshops.","인구는 매일 식량을 소모합니다. 식량은 농장에서 나옵니다. 식량이 부족하면 인구가 줄고, 타워와 시설도 함께 멈춥니다.",
tutorial_day1_click_farm,Click the farm you just built.,세운 농장을 클릭하세요.,
tutorial_day1_assign_farm_population,Press +1 ASSIGN to staff the farm.,ASSIGN 버튼을 눌러 농장에 인구를 배치하세요.,
tutorial_day1_staffing_info,Production scales with the workers you assign. How you split them decides each day's output.,생산 시설은 배치한 인구에 비례해 자원을 냅니다. 인구를 어디에 배치하는지가 그날의 생산량을 정합니다.,
tutorial_day1_close_farm_panel,Press CLOSE to close the staffing panel.,CLOSE 버튼을 눌러 인구 창을 닫으세요.,
tutorial_day1_territory_colors,"Yellow marks your land, green is what you can claim. Red is out of reach. Claims spread only from your land.","노란 선 안이 현재 영역, 초록색은 점령 가능한 땅입니다. 붉은색은 점령할 수 없습니다.",
tutorial_day1_chunk_overlay_info,The figures show added population and resources.,땅 위 표시된 패널은 점령 시 늘어나는 인구와 캘 수 있는 자원을 표시합니다.,
tutorial_day1_select_chunk,Choose a tile to claim and click it.,점령 부대를 보낼 땅을 하나 클릭하세요.,
tutorial_day1_conquest_duration,DURATION is how many days the expedition needs.,걸리는 시간은 점령까지 소요되는 시간입니다.,
tutorial_day1_conquest_monster,Land marked MONSTER strengthens the monsters you face. Weigh what you gain against what you must hold off.,MONSTER 표시가 있는 땅은 얻으면 몬스터가 강해집니다. ,
tutorial_day1_conquest_cost,COST TO CONQUER is the price. Scroll it sideways.,필요한 자원은 점령에 드는 자원입니다. 옆으로 밀어 보세요.,
tutorial_day1_send_expedition,Press CLAIM to send the expedition.,점령하기 버튼을 눌러 점령대를 보내세요.,
tutorial_day1_claiming_info,Land being claimed is outlined in grey. Survive that night and it is yours. Lose and it is void.,점령 중인 땅은 회색 선으로 표시됩니다. 도착한 날 밤을 넘기면 내 땅이 됩니다. 성이 무너지면 무산됩니다.,
tutorial_day1_exit_conquest,"Press ESC, or the CLAIM button again, to leave claim mode.",ESC를 누르거나 점령 버튼을 다시 눌러 점령 모드를 닫으세요.,
tutorial_day1_egg_granted,The dragon's blessing has granted you a Life dragon egg.,용의 가호로 생명 용의 알을 획득했습니다.,
tutorial_day1_worker_overlay_info,Each building now shows its workers and capacity.,건물마다 배치된 인구와 정원이 함께 표시됩니다.,
tutorial_day1_worker_bulk_info,"Left-click assigns workers and right-click recalls them. Shift-click fills capacity, while Ctrl-click moves five.","왼쪽 클릭은 인구 배치, 오른쪽 클릭은 회수입니다. Shift + 클릭은 정원까지, Ctrl + 클릭은 다섯 명씩 움직입니다.",
tutorial_day2_morning_settlement,Morning has come. Every night ends with the day being settled.,아침이 밝았습니다. 밤이 끝나면 하루치 정산이 이루어집니다.,
tutorial_day2_food_upkeep,Your people have eaten their food.,인구가 소모한 식량이 빠져나갔습니다.,
tutorial_day2_click_slime_farm,Click the slime farm you just built.,방금 건설한 슬라임 농장을 클릭하세요.,
tutorial_day2_slime_farm_terrain_info,The terrain you build on decides which slime you get. Need a certain attribute? Claim that land first.,슬라임은 농장이 배치된 땅의 속성에 따라 달라집니다. 필요한 속성이 있다면 점령을 통해 확장하세요.,
tutorial_day2_assign_slime_farm_population,"Assign workers. The more you put in, the more slimes it yields.",인구를 배치하세요. 인구에 비례해 슬라임이 생산됩니다.,
tutorial_day2_close_slime_farm_panel,Press CLOSE to close the staffing panel.,CLOSE 버튼을 눌러 인구 창을 닫으세요.,
tutorial_worker_mode_nudge,You have many buildings now. Worker Mode lets you move population at a glance.,건물이 많아졌습니다. 일꾼모드로 인구를 한눈에 옮길 수 있습니다.,
tutorial_day2_close_lab_panel,Press CLOSE to close the staffing panel.,CLOSE 버튼을 눌러 인구 창을 닫으세요.,
tutorial_day2_click_castle,Click the main castle at the centre.,가운데 있는 메인 성을 클릭하세요.,
tutorial_day2_attribute_info,This is the mother dragon's current attribute. It decides her night skills and the effect she lends.,지금 어미용의 속성입니다. 속성이 밤에 쓰는 스킬과 새끼용에게 주는 효과를 정합니다.,
tutorial_day2_change_attribute_info,"Pick another attribute and press CHANGE ATTRIBUTE. Only once a day, so decide by what the night brings.",다른 속성을 고르고 CHANGE ATTRIBUTE로 바꿀 수 있습니다.,
tutorial_day3_omen,The portals are shaking hard. What comes tonight is not what came before.,포탈이 크게 흔들립니다. 오늘 밤에 오는 것은 지금까지와 다릅니다.,
tutorial_day3_boss_warning,"Tonight they come from three sides, with a boss behind. You cannot hold this with the strength you have.","오늘 밤 세 방향에서 몰려오고, 보스가 옵니다. 지금의 힘으로는 막을 수 없습니다.",
tutorial_ending_beat_1,"The castle has fallen. Where the fires died down, nothing remains.",성이 무너졌습니다. 불길이 잦아든 자리에 아무것도 남지 않았습니다.,
tutorial_ending_beat_2,Then a vast shadow settles over the ruins. The dragon of time.,그때 무너진 성 위로 거대한 그림자가 내려앉습니다. 시간의 용입니다.,
tutorial_ending_beat_3,"""""This was not a night that had to come yet.""""",「이 밤은 아직 오지 않아도 될 밤이었다.」,
tutorial_ending_beat_4,"""""Go back. Build it differently this time.""""",「돌아가라. 이번에는 다르게 세워라.」,
tutorial_objective_remaining,{0} things left to try.,아직 해보지 않은 것이 {0}가지 남았습니다.,
tutorial_objective_farm_built,Build a farm to secure food,농장을 지어 식량을 마련한다,
tutorial_objective_research_completed,Complete one research,연구를 하나 완료한다,
tutorial_objective_expedition_sent,Send out a conquest expedition,점령 버튼을 눌러 부대를 파병한다,
tutorial_objective_slime_farm_built,Build a slime farm,슬라임 농장을 짓는다,
tutorial_objective_mother_dragon_checked,Change the mother dragon's attribute at the main castle,메인 성에서 어미용의 속성을 바꿔본다,
tutorial_day1_objective_intro,Check the objective list on the right. These are today's suggestions - you can start the night without finishing them.,오른쪽 일일 퀘스트 목록을 확인하세요. 다 하지 못 해도 밤으로 넘어갈 수 있습니다.,
tutorial_objective_day1_tower_built,Build a tower,타워를 세운다,
tutorial_objective_day1_population_assigned,Assign population to the tower,타워에 인구를 배치한다,
tutorial_objective_day1_night_survived,Survive the first night,첫 밤을 버틴다,
tutorial_day1_monster_path,The red line is the path monsters will take tonight. Build your towers along it.,빨간 선이 오늘 밤 몬스터가 지나갈 길입니다. 그 길목에 타워를 세워야 막을 수 있습니다.,
tutorial_objective_day1_egg_granted,Receive a dragon egg and check it,용의 알을 받아 확인한다,
tutorial_day2_slime_is_dragon_food,"Slimes are baby dragon food. Once yours hatches, it eats slimes of its own attribute every day.",슬라임은 새끼용의 먹이입니다. 새끼용이 깨어나면 하루마다 자기 속성의 슬라임을 먹어 치웁니다.,
tutorial_day2_fill_lab_capacity,Fill it to capacity and you'll have 10 points by tomorrow - enough for one research.,정원까지 채우면 하룻밤에 10 포인트가 모여 내일 연구 하나를 열 수 있습니다.,
tutorial_objective_research_lab_built,Build a research lab,연구소를 짓는다,
tutorial_quit_button,Quit tutorial,튜토리얼 그만두기,
tutorial_quit_confirm_message,Quit the tutorial and start the main game? Your progress here will not be saved.,튜토리얼을 그만두고 본게임을 시작할까요? 지금까지의 진행은 저장되지 않습니다.,
tutorial_quit_confirm_yes,Quit,그만두기,
tutorial_quit_confirm_no,Keep playing,계속하기,
tutorial_ending_beat_goal,"""""Seal all four portals, or fell the boss of the final cycle. If the castle falls, it ends there.""""","「포탈 넷을 모두 봉인하거나, 마지막 주기의 보스를 쓰러뜨려라. 성이 무너지면 그것으로 끝이다.」",
resource_forecast_baby_dragon_feed,[TBD] Baby dragon feed,새끼용 먹이,
resource_warning_slime,[TBD] Short by {0}. Baby dragons that go unfed will not operate that day.,{0} 부족합니다. 먹이를 받지 못한 새끼용은 그날 가동하지 않습니다.,
save_window_header,[TBD] Save,[미정] 저장,
save_slot_overwrite_confirm,[TBD] Click again to overwrite,[미정] 한 번 더 누르면 덮어씁니다,
save_slot_saved,[TBD] Saved.,[미정] 저장했습니다.,
title_load_window_header,[TBD] Load,[미정] 불러오기,
title_load_slot_number,[TBD] Slot {0},[미정] 슬롯 {0},
title_load_slot_delete,[TBD] Delete,[미정] 삭제,
config_button_save,[TBD] Save,[미정] 저장,
config_button_load,[TBD] Load,[미정] 불러오기,
title_new_game,[TBD] New Game,[미정] 새 게임,
title_continue,[TBD] Continue,[미정] 이어하기,
title_load,[TBD] Load,[미정] 불러오기,
title_config,[TBD] Settings,[미정] 설정,
title_quit,[TBD] Quit,[미정] 게임 종료,
